{"version": {"json_export": "188", "page_segmentation": "5", "schema": "1.1.0", "structure": "1.1042.0", "table_structure": "5"}, "extended_metadata": {"ID_instance": "51 B5 26 96 76 B7 B2 11 0A 00 67 45 8B 6B C6 23 ", "ID_permanent": "36 41 20 39 44 20 32 35 20 39 36 20 37 36 20 42 37 20 42 32 20 31 31 20 30 41 20 30 30 20 36 37 20 34 35 20 38 42 20 36 42 20 43 36 20 32 33 20 ", "pdf_version": "1.6", "pdfa_compliance_level": "", "is_encrypted": false, "has_acroform": false, "is_digitally_signed": false, "pdfua_compliance_level": "", "page_count": 1, "has_embedded_files": false, "is_certified": false, "is_XFA": false, "language": "en"}, "elements": [{"Bounds": [85.10400390625, 710.6728057861328, 512.9213562011719, 739.2328033447266], "ClipBounds": [85.10400390625, 710.6728057861328, 512.9213562011719, 739.2328033447266], "Font": {"alt_family_name": "Yu Mincho", "embedded": true, "encoding": "WinAnsiEncoding", "family_name": "Yu Mincho", "font_type": "TrueType", "italic": false, "monospaced": false, "name": "BCDEEE+YuMincho-Regular", "subset": true, "weight": 400}, "HasClip": true, "Lang": "en", "Page": 0, "Path": "//Document/Sect/P", "Text": "Title: Advancements in Cardiovascular Medicine: Insights into Minimally Invasive Cardiac Surgery ", "TextSize": 10.55999755859375, "attributes": {"LineHeight": 18, "SpaceAfter": 18}}, {"Bounds": [85.10400390625, 620.6728057861328, 513.1939544677734, 685.2328033447266], "ClipBounds": [85.10400390625, 620.6728057861328, 513.1939544677734, 685.2328033447266], "Font": {"alt_family_name": "Yu Mincho", "embedded": true, "encoding": "WinAnsiEncoding", "family_name": "Yu Mincho", "font_type": "TrueType", "italic": false, "monospaced": false, "name": "BCDEEE+YuMincho-Regular", "subset": true, "weight": 400}, "HasClip": true, "Lang": "en", "Page": 0, "Path": "//Document/Sect/P[2]", "Text": "In the field of medicine, particularly in cardiology, the evolution of surgical techniques has resulted in less invasive procedures that enhance patients' recovery process and quality of life. This paper delves into the medical advancements in minimally invasive cardiac surgery (MICS), highlighting its benefits, challenges, and future prospects. ", "TextSize": 10.55999755859375, "attributes": {"SpaceAfter": 18}}, {"Bounds": [85.10400390625, 494.64280700683594, 513.1449279785156, 595.2328033447266], "ClipBounds": [85.10400390625, 494.64280700683594, 513.1449279785156, 595.2328033447266], "Font": {"alt_family_name": "Yu Mincho", "embedded": true, "encoding": "WinAnsiEncoding", "family_name": "Yu Mincho", "font_type": "TrueType", "italic": false, "monospaced": false, "name": "BCDEEE+YuMincho-Regular", "subset": true, "weight": 400}, "HasClip": true, "Lang": "en", "Page": 0, "Path": "//Document/Sect/P[3]", "Text": "Minimally invasive cardiac surgery constitutes an array of surgical techniques performed through small incisions in the chest. Its significant advantage lies in the lesser trauma inflicted on the patient compared to traditional open-heart surgery, resulting in reduced hospitalization duration and quicker recovery times. This advantage arises from the fact that MICS procedures bypass the need for median sternotomy, which is a major component of traditional cardiac surgeries, resulting in considerable morbidity. ", "TextSize": 10.55999755859375, "attributes": {"SpaceAfter": 18}}, {"Bounds": [85.10400390625, 404.64280700683594, 513.1528778076172, 469.2028045654297], "ClipBounds": [85.10400390625, 404.64280700683594, 513.1528778076172, 469.2028045654297], "Font": {"alt_family_name": "Yu Mincho", "embedded": true, "encoding": "WinAnsiEncoding", "family_name": "Yu Mincho", "font_type": "TrueType", "italic": false, "monospaced": false, "name": "BCDEEE+YuMincho-Regular", "subset": true, "weight": 400}, "HasClip": true, "Lang": "en", "Page": 0, "Path": "//Document/Sect/P[4]", "Text": "The most common MICS procedures include minimally invasive direct coronary artery bypass (MIDCAB) and minimally invasive valve surgery, which are progressively replacing conventional methods. Furthermore, the recent development of robotic-assisted cardiac surgery takes MICS a step further, offering a high level of precision and control. ", "TextSize": 10.55999755859375, "attributes": {"SpaceAfter": 18}}, {"Bounds": [85.10400390625, 314.622802734375, 513.1922302246094, 379.18280029296875], "ClipBounds": [85.10400390625, 314.622802734375, 513.1922302246094, 379.18280029296875], "Font": {"alt_family_name": "Yu Mincho", "embedded": true, "encoding": "WinAnsiEncoding", "family_name": "Yu Mincho", "font_type": "TrueType", "italic": false, "monospaced": false, "name": "BCDEEE+YuMincho-Regular", "subset": true, "weight": 400}, "HasClip": true, "Lang": "en", "Page": 0, "Path": "//Document/Sect/P[5]", "Text": "Nevertheless, MICS is not devoid of challenges. It requires a high degree of skill and extensive training due to its technically demanding nature. Furthermore, it may not be suitable for patients with certain co-morbid conditions, complex disease processes, or re-operations, thus requiring careful patient selection. ", "TextSize": 10.55999755859375, "attributes": {"SpaceAfter": 18}}, {"Bounds": [85.10400390625, 224.622802734375, 513.1026000976562, 289.18280029296875], "ClipBounds": [85.10400390625, 224.622802734375, 513.1026000976562, 289.18280029296875], "Font": {"alt_family_name": "Yu Mincho", "embedded": true, "encoding": "WinAnsiEncoding", "family_name": "Yu Mincho", "font_type": "TrueType", "italic": false, "monospaced": false, "name": "BCDEEE+YuMincho-Regular", "subset": true, "weight": 400}, "HasClip": true, "Lang": "en", "Page": 0, "Path": "//Document/Sect/P[6]", "Text": "The future of MICS looks promising. Researchers are continuously exploring novel techniques, tools, and methods to further reduce invasiveness and improve outcomes. These include trans-catheter valve procedures, less invasive ventricular assist device implantations, and further improvements in robotic technology. ", "TextSize": 10.55999755859375, "attributes": {"SpaceAfter": 18}}, {"Bounds": [85.10400390625, 134.59280395507812, 513.1287994384766, 199.15280151367188], "ClipBounds": [85.10400390625, 134.59280395507812, 513.1287994384766, 199.15280151367188], "Font": {"alt_family_name": "Yu Mincho", "embedded": true, "encoding": "WinAnsiEncoding", "family_name": "Yu Mincho", "font_type": "TrueType", "italic": false, "monospaced": false, "name": "BCDEEE+YuMincho-Regular", "subset": true, "weight": 400}, "HasClip": true, "Lang": "en", "Page": 0, "Path": "//Document/Sect/P[7]", "Text": "In conclusion, MICS signifies an important leap in cardiac surgery. However, realizing its full potential requires overcoming current limitations through dedicated training, careful patient selection, and continuous research. Given its benefits and continuous advancements, MICS is set to redefine the future of cardiac surgery. ", "TextSize": 10.55999755859375}], "pages": [{"boxes": {"CropBox": [0.0, 0.0, 595.3200073242188, 841.9199829101562], "MediaBox": [0.0, 0.0, 595.3200073242188, 841.9199829101562]}, "height": 841.9199829101562, "is_scanned": false, "page_number": 0, "rotation": 0, "width": 595.3200073242188}]}