{"version": {"json_export": "188", "page_segmentation": "5", "schema": "1.1.0", "structure": "1.1042.0", "table_structure": "5"}, "extended_metadata": {"ID_instance": "FB D2 42 8F 76 B7 B2 11 0A 00 67 45 8B 6B C6 23 ", "ID_permanent": "33 46 20 38 43 20 34 31 20 38 46 20 37 36 20 42 37 20 42 32 20 31 31 20 30 41 20 30 30 20 36 37 20 34 35 20 38 42 20 36 42 20 43 36 20 32 33 20 ", "pdf_version": "1.6", "pdfa_compliance_level": "", "is_encrypted": false, "has_acroform": false, "is_digitally_signed": false, "pdfua_compliance_level": "", "page_count": 1, "has_embedded_files": false, "is_certified": false, "is_XFA": false, "language": "en"}, "elements": [{"Bounds": [84.79440307617188, 726.3988037109375, 408.32318115234375, 743.8638458251953], "Font": {"alt_family_name": "Yu Mincho", "embedded": true, "encoding": "Custom", "family_name": "Yu Mincho", "font_type": "TrueType", "italic": false, "monospaced": false, "name": "AAAAAC+YuMincho-Regular", "subset": true, "weight": 400}, "HasClip": false, "Lang": "en", "Page": 0, "Path": "//Document/Sect/P", "Text": "International Meeting with Prof. Tom Fahey and colleagues in Ireland ", "TextSize": 10.3529052734375, "attributes": {"LineHeight": 12.375, "SpaceAfter": 5.625}}, {"Bounds": [84.78384399414062, 708.3951110839844, 281.6338195800781, 725.8601531982422], "Font": {"alt_family_name": "Yu Mincho", "embedded": true, "encoding": "Custom", "family_name": "Yu Mincho", "font_type": "TrueType", "italic": false, "monospaced": false, "name": "AAAAAC+YuMincho-Regular", "subset": true, "weight": 400}, "HasClip": false, "Lang": "en", "Page": 0, "Path": "//Document/Sect/P[2]", "Text": "Two Presentations by Japanese Physicians ", "TextSize": 10.3529052734375, "attributes": {"LineHeight": 12.375, "SpaceAfter": 18}}, {"Bounds": [84.78384399414062, 672.3980712890625, 296.7966003417969, 689.8638458251953], "Font": {"alt_family_name": "Yu Mincho", "embedded": true, "encoding": "Custom", "family_name": "Yu Mincho", "font_type": "TrueType", "italic": false, "monospaced": false, "name": "AAAAAC+YuMincho-Regular", "subset": true, "weight": 400}, "HasClip": false, "Lang": "en", "Page": 0, "Path": "//Document/Sect/P[3]", "Text": "July 6th, 2023 10:00 PM Japan Standard Time ", "TextSize": 10.3529052734375, "attributes": {"LineHeight": 12.375, "SpaceAfter": 18}}, {"Bounds": [84.80082702636719, 636.4017639160156, 156.11439514160156, 653.8668060302734], "Font": {"alt_family_name": "Yu Mincho", "embedded": true, "encoding": "Custom", "family_name": "Yu Mincho", "font_type": "TrueType", "italic": false, "monospaced": false, "name": "AAAAAC+YuMincho-Regular", "subset": true, "weight": 400}, "HasClip": false, "Lang": "en", "Page": 0, "Path": "//Document/Sect/P[4]", "Text": "Zoom Meeting ", "TextSize": 10.3529052734375, "attributes": {"LineHeight": 12.375}}, {"Bounds": [84.95989990234375, 600.3267211914062, 511.7073974609375, 635.8035125732422], "Font": {"alt_family_name": "Yu Mincho", "embedded": true, "encoding": "Custom", "family_name": "Yu Mincho", "font_type": "TrueType", "italic": false, "monospaced": false, "name": "AAAAAC+YuMincho-Regular", "subset": true, "weight": 400}, "HasClip": false, "Lang": "en", "Page": 0, "Path": "//Document/Sect/P[5]/StyleSpan", "Text": "https://us02web.zoom.us/j/86322928710?pwd=VVpBempQZFQ5NTdEaldRMTZ5NWl1U T09 ", "TextSize": 10.55999755859375, "attributes": {"SpaceAfter": 18}}, {"Bounds": [84.95989990234375, 564.3267211914062, 141.44198608398438, 581.8035125732422], "Font": {"alt_family_name": "Yu Mincho", "embedded": true, "encoding": "Custom", "family_name": "Yu Mincho", "font_type": "TrueType", "italic": false, "monospaced": false, "name": "AAAAAC+YuMincho-Regular", "subset": true, "weight": 400}, "HasClip": false, "Lang": "en", "Page": 0, "Path": "//Document/Sect/P[6]", "Text": "Meeting ID ", "TextSize": 10.55999755859375, "attributes": {"LineHeight": 12.625, "SpaceAfter": 5.375}}, {"Bounds": [84.970458984375, 546.3219146728516, 155.62356567382812, 563.7987213134766], "Font": {"alt_family_name": "Yu Mincho", "embedded": true, "encoding": "Custom", "family_name": "Yu Mincho", "font_type": "TrueType", "italic": false, "monospaced": false, "name": "AAAAAC+YuMincho-Regular", "subset": true, "weight": 400}, "HasClip": false, "Lang": "en", "Page": 0, "Path": "//Document/Sect/P[7]", "Text": "863 2292 8710 ", "TextSize": 10.55999755859375, "attributes": {"LineHeight": 12.625, "SpaceAfter": 5.375}}, {"Bounds": [84.970458984375, 528.3171234130859, 165.008056640625, 545.7939147949219], "Font": {"alt_family_name": "Yu Mincho", "embedded": true, "encoding": "Custom", "family_name": "Yu Mincho", "font_type": "TrueType", "italic": false, "monospaced": false, "name": "AAAAAC+YuMincho-Regular", "subset": true, "weight": 400}, "HasClip": false, "Lang": "en", "Page": 0, "Path": "//Document/Sect/P[8]", "Text": "Passcord 385925 ", "TextSize": 10.55999755859375, "attributes": {"LineHeight": 12.625, "SpaceAfter": 18}}, {"Bounds": [83.57241821289062, 492.3988037109375, 162.8209991455078, 509.8638458251953], "Font": {"alt_family_name": "Yu Mincho", "embedded": true, "encoding": "Custom", "family_name": "Yu Mincho", "font_type": "TrueType", "italic": false, "monospaced": false, "name": "AAAAAC+YuMincho-Regular", "subset": true, "weight": 400}, "HasClip": false, "Lang": "en", "Page": 0, "Path": "//Document/Sect/P[9]", "Skew": 18.770172119140625, "Text": "1st Presentation ", "TextSize": 10.3529052734375, "attributes": {"LineHeight": 13.125}}, {"Bounds": [84.79440307617188, 456.3951110839844, 493.87298583984375, 491.8638458251953], "Font": {"alt_family_name": "Yu Mincho", "embedded": true, "encoding": "Custom", "family_name": "Yu Mincho", "font_type": "TrueType", "italic": false, "monospaced": false, "name": "AAAAAC+YuMincho-Regular", "subset": true, "weight": 400}, "HasClip": false, "Lang": "en", "Page": 0, "Path": "//Document/Sect/P[10]", "Text": "Title: Unveiling Hidden Healthcare Challenges: A Study on the Medical Needs of Urban Workers \u2012 Insights from an Outpatient Clinic in Tokyo, Japan ", "TextSize": 10.3529052734375, "attributes": {"SpaceAfter": 18}}, {"Bounds": [84.79440307617188, 420.3980712890625, 227.04554748535156, 437.8631134033203], "Font": {"alt_family_name": "Yu Mincho", "embedded": true, "encoding": "Custom", "family_name": "Yu Mincho", "font_type": "TrueType", "italic": false, "monospaced": false, "name": "AAAAAC+YuMincho-Regular", "subset": true, "weight": 400}, "HasClip": false, "Lang": "en", "Page": 0, "Path": "//Document/Sect/P[11]", "Text": "By Morihito Takita, MD, PhD ", "TextSize": 10.3529052734375, "attributes": {"LineHeight": 12.375, "SpaceAfter": 18}}, {"Bounds": [84.79440307617188, 96.24992370605469, 510.6550598144531, 401.8660888671875], "Font": {"alt_family_name": "Yu Mincho", "embedded": true, "encoding": "Custom", "family_name": "Yu Mincho", "font_type": "TrueType", "italic": false, "monospaced": false, "name": "AAAAAC+YuMincho-Regular", "subset": true, "weight": 400}, "HasClip": false, "Lang": "en", "Page": 0, "Path": "//Document/Sect/P[12]", "Text": "Abstract Elderly patients residing in remote locations are often recognized as medically underserved due to their geographical distance from healthcare facilities, presenting significant accessibility challenges. However, in 2008, we hypothesized that urban workers could be another medically underserved demographic, but from a time perspective. The standard operating hours of healthcare institutions often coincide with their work schedules, making it challenging for them to seek medical care. To address this gap, Navitas Clinic was established in 2008 at Tachikawa Station in Tokyo, Japan, operating as an outpatient clinic providing consultations until 9 p.m. Subsequently, two more clinics were opened at Kawasaki Station in 2012 and Shinjuku Station in 2016. Our analysis of the patient records from 2017 to 2022, involving a total of 210,295 patients, revealed a median age of 32 years (interquartile range; 23-43 years), with women making up 57% of all consultations. Remarkably, 31% of all consultations were scheduled after 5 p.m. These findings stand in contrast to the 2020 patient survey conducted by Japan's Ministry of Health, Labour and Welfare, which showed that outpatient visits peaked among individuals aged 70-74 years. Our results highlight the medical needs of the younger generation and the demand for healthcare services outside conventional working hours in Tokyo. In the forthcoming presentation, I will present our clinical practice in Tokyo and discuss the pitfalls and ", "TextSize": 10.3529052734375}], "pages": [{"boxes": {"CropBox": [0.0, 0.0, 595.0, 842.0], "MediaBox": [0.0, 0.0, 595.0, 842.0]}, "height": 842.0, "is_scanned": false, "page_number": 0, "rotation": 0, "width": 595.0}]}